{
    "$schema": "http://schema.management.azure.com/schemas/2015-01-01/deploymentTemplate.json#",
    "contentVersion": "1.0.0.0",
    "parameters": {
        "factoryName": {
            "type": "string",
            "metadata": "Data Factory name",
            "defaultValue": "dfaycdd"
        },
        "AzureTableStorageInput_connectionString": {
            "type": "secureString",
            "metadata": "Secure string for 'connectionString' of 'AzureTableStorageInput'"
        },
        "AzureBlobStorageCSVs_connectionString": {
            "type": "secureString",
            "metadata": "Secure string for 'connectionString' of 'AzureBlobStorageCSVs'"
        },
        "AzureSqlDB_connectionString": {
            "type": "secureString",
            "metadata": "Secure string for 'connectionString' of 'AzureSqlDB'"
        },
        "AzureTableStorageZoom_connectionString": {
            "type": "secureString",
            "metadata": "Secure string for 'connectionString' of 'AzureTableStorageZoom'"
        }
    },
    "variables": {
        "factoryId": "[concat('Microsoft.DataFactory/factories/', parameters('factoryName'))]"
    },
    "resources": [
        {
            "name": "[concat(parameters('factoryName'), '/AzureTableStorageInput')]",
            "type": "Microsoft.DataFactory/factories/linkedServices",
            "apiVersion": "2018-06-01",
            "properties": {
                "description": "Input de usuarios de zoom",
                "annotations": [],
                "type": "AzureTableStorage",
                "typeProperties": {
                    "connectionString": "[parameters('AzureTableStorageInput_connectionString')]"
                }
            },
            "dependsOn": []
        },
        {
            "name": "[concat(parameters('factoryName'), '/AzureBlobStorageCSVs')]",
            "type": "Microsoft.DataFactory/factories/linkedServices",
            "apiVersion": "2018-06-01",
            "properties": {
                "description": "Blob storage para guardar los archivos de referencia del job de Stream Analytics ",
                "annotations": [],
                "type": "AzureBlobStorage",
                "typeProperties": {
                    "connectionString": "[parameters('AzureBlobStorageCSVs_connectionString')]"
                }
            },
            "dependsOn": []
        },
        {
            "name": "[concat(parameters('factoryName'), '/AzureSqlDB')]",
            "type": "Microsoft.DataFactory/factories/linkedServices",
            "apiVersion": "2018-06-01",
            "properties": {
                "description": "Base de datos con el monitoreo de clases",
                "annotations": [],
                "type": "AzureSqlDatabase",
                "typeProperties": {
                    "connectionString": "[parameters('AzureSqlDB_connectionString')]"
                }
            },
            "dependsOn": []
        },
        {
            "name": "[concat(parameters('factoryName'), '/AzureTableStorageZoom')]",
            "type": "Microsoft.DataFactory/factories/linkedServices",
            "apiVersion": "2018-06-01",
            "properties": {
                "description": "Storage de tabla de clases e historico",
                "annotations": [],
                "type": "AzureTableStorage",
                "typeProperties": {
                    "connectionString": "[parameters('AzureTableStorageZoom_connectionString')]"
                }
            },
            "dependsOn": []
        },
        {
            "name": "[concat(parameters('factoryName'), '/UsuariosCSV')]",
            "type": "Microsoft.DataFactory/factories/datasets",
            "apiVersion": "2018-06-01",
            "properties": {
                "linkedServiceName": {
                    "referenceName": "AzureBlobStorageCSVs",
                    "type": "LinkedServiceReference"
                },
                "annotations": [],
                "type": "DelimitedText",
                "typeProperties": {
                    "location": {
                        "type": "AzureBlobStorageLocation",
                        "fileName": {
                            "value": "@concat('Usuarios-',formatDateTime(addminutes(utcnow(),5), 'yyyy-MM-dd-HH-mm'),'.csv')",
                            "type": "Expression"
                        },
                        "container": "datos"
                    },
                    "columnDelimiter": ",",
                    "escapeChar": "\\",
                    "firstRowAsHeader": true,
                    "quoteChar": "\""
                },
                "schema": []
            },
            "dependsOn": [
                "[concat(variables('factoryId'), '/linkedServices/AzureBlobStorageCSVs')]"
            ]
        },
        {
            "name": "[concat(parameters('factoryName'), '/AzureTableUsuarios')]",
            "type": "Microsoft.DataFactory/factories/datasets",
            "apiVersion": "2018-06-01",
            "properties": {
                "linkedServiceName": {
                    "referenceName": "AzureTableStorageInput",
                    "type": "LinkedServiceReference"
                },
                "annotations": [],
                "type": "AzureTable",
                "schema": [],
                "typeProperties": {
                    "tableName": "CHUSERSDETAILS"
                }
            },
            "dependsOn": [
                "[concat(variables('factoryId'), '/linkedServices/AzureTableStorageInput')]"
            ]
        },
        {
            "name": "[concat(parameters('factoryName'), '/AzureTableHistorico')]",
            "type": "Microsoft.DataFactory/factories/datasets",
            "apiVersion": "2018-06-01",
            "properties": {
                "linkedServiceName": {
                    "referenceName": "AzureTableStorageZoom",
                    "type": "LinkedServiceReference"
                },
                "annotations": [],
                "type": "AzureTable",
                "schema": [],
                "typeProperties": {
                    "tableName": "HISTORICO"
                }
            },
            "dependsOn": [
                "[concat(variables('factoryId'), '/linkedServices/AzureTableStorageZoom')]"
            ]
        },
        {
            "name": "[concat(parameters('factoryName'), '/AzureSqlClases')]",
            "type": "Microsoft.DataFactory/factories/datasets",
            "apiVersion": "2018-06-01",
            "properties": {
                "linkedServiceName": {
                    "referenceName": "AzureSqlDB",
                    "type": "LinkedServiceReference"
                },
                "annotations": [],
                "type": "AzureSqlTable",
                "schema": [
                    {
                        "name": "HORAINICIOSESIONZOOM",
                        "type": "datetime",
                        "precision": 23,
                        "scale": 3
                    },
                    {
                        "name": "HORAFINCLASE",
                        "type": "datetime",
                        "precision": 23,
                        "scale": 3
                    },
                    {
                        "name": "START_TIME",
                        "type": "datetime",
                        "precision": 23,
                        "scale": 3
                    },
                    {
                        "name": "PARTICIPANTESACTIVOS",
                        "type": "int",
                        "precision": 10
                    },
                    {
                        "name": "CRN",
                        "type": "int",
                        "precision": 10
                    },
                    {
                        "name": "CLAVEEJERCICIOACADEMICO",
                        "type": "int",
                        "precision": 10
                    },
                    {
                        "name": "CORREOELECTRONICOPROFESOR",
                        "type": "varchar"
                    },
                    {
                        "name": "UUID",
                        "type": "varchar"
                    },
                    {
                        "name": "JOINURL",
                        "type": "varchar"
                    }
                ],
                "typeProperties": {
                    "schema": "dbo",
                    "table": "LIVE_MEETINGS"
                }
            },
            "dependsOn": [
                "[concat(variables('factoryId'), '/linkedServices/AzureSqlDB')]"
            ]
        },
        {
            "name": "[concat(parameters('factoryName'), '/AzureSqlDWH')]",
            "type": "Microsoft.DataFactory/factories/datasets",
            "apiVersion": "2018-06-01",
            "properties": {
                "linkedServiceName": {
                    "referenceName": "AzureSqlDB",
                    "type": "LinkedServiceReference"
                },
                "annotations": [],
                "type": "AzureSqlTable",
                "schema": [
                    {
                        "name": "HORAINICIOSESIONZOOM",
                        "type": "datetime",
                        "precision": 23,
                        "scale": 3
                    },
                    {
                        "name": "HORAFINCLASE",
                        "type": "datetime",
                        "precision": 23,
                        "scale": 3
                    },
                    {
                        "name": "START_TIME",
                        "type": "datetime",
                        "precision": 23,
                        "scale": 3
                    },
                    {
                        "name": "PARTICIPANTESACTIVOS",
                        "type": "int",
                        "precision": 10
                    },
                    {
                        "name": "CRN",
                        "type": "int",
                        "precision": 10
                    },
                    {
                        "name": "CLAVEEJERCICIOACADEMICO",
                        "type": "int",
                        "precision": 10
                    },
                    {
                        "name": "CORREOELECTRONICOPROFESOR",
                        "type": "varchar"
                    },
                    {
                        "name": "UUID",
                        "type": "varchar"
                    },
                    {
                        "name": "JOINURL",
                        "type": "varchar"
                    },
                    {
                        "name": "TIMESTAMP1",
                        "type": "datetime",
                        "precision": 23,
                        "scale": 3
                    },
                    {
                        "name": "IND_CLASEINICIADA",
                        "type": "varchar"
                    }
                ],
                "typeProperties": {
                    "schema": "dbo",
                    "table": "SIMULADOR_DWH"
                }
            },
            "dependsOn": [
                "[concat(variables('factoryId'), '/linkedServices/AzureSqlDB')]"
            ]
        },
        {
            "name": "[concat(parameters('factoryName'), '/TempCSV')]",
            "type": "Microsoft.DataFactory/factories/datasets",
            "apiVersion": "2018-06-01",
            "properties": {
                "linkedServiceName": {
                    "referenceName": "AzureBlobStorageCSVs",
                    "type": "LinkedServiceReference"
                },
                "annotations": [],
                "type": "DelimitedText",
                "typeProperties": {
                    "location": {
                        "type": "AzureBlobStorageLocation",
                        "container": "datos"
                    },
                    "columnDelimiter": ",",
                    "escapeChar": "\\",
                    "quoteChar": "\""
                },
                "schema": []
            },
            "dependsOn": [
                "[concat(variables('factoryId'), '/linkedServices/AzureBlobStorageCSVs')]"
            ]
        },
        {
            "name": "[concat(parameters('factoryName'), '/MonitoreoSinkToTable')]",
            "type": "Microsoft.DataFactory/factories/datasets",
            "apiVersion": "2018-06-01",
            "properties": {
                "linkedServiceName": {
                    "referenceName": "AzureBlobStorageCSVs",
                    "type": "LinkedServiceReference"
                },
                "annotations": [],
                "type": "DelimitedText",
                "typeProperties": {
                    "location": {
                        "type": "AzureBlobStorageLocation",
                        "fileName": "MonitoreoTemp.csv",
                        "container": "datos"
                    },
                    "columnDelimiter": ",",
                    "escapeChar": "\\",
                    "quoteChar": "\""
                },
                "schema": [
                    {
                        "type": "String"
                    },
                    {
                        "type": "String"
                    },
                    {
                        "type": "String"
                    },
                    {
                        "type": "String"
                    },
                    {
                        "type": "String"
                    },
                    {
                        "type": "String"
                    },
                    {
                        "type": "String"
                    },
                    {
                        "type": "String"
                    },
                    {
                        "type": "String"
                    },
                    {
                        "type": "String"
                    },
                    {
                        "type": "String"
                    }
                ]
            },
            "dependsOn": [
                "[concat(variables('factoryId'), '/linkedServices/AzureBlobStorageCSVs')]"
            ]
        },
        {
            "name": "[concat(parameters('factoryName'), '/ClasesCsv')]",
            "type": "Microsoft.DataFactory/factories/datasets",
            "apiVersion": "2018-06-01",
            "properties": {
                "description": "Donde se guardara el archivo de salida de clases para el SA",
                "linkedServiceName": {
                    "referenceName": "AzureBlobStorageCSVs",
                    "type": "LinkedServiceReference"
                },
                "annotations": [],
                "type": "DelimitedText",
                "typeProperties": {
                    "location": {
                        "type": "AzureBlobStorageLocation",
                        "container": "datos"
                    },
                    "columnDelimiter": ",",
                    "escapeChar": "\\",
                    "firstRowAsHeader": true,
                    "quoteChar": "\""
                },
                "schema": []
            },
            "dependsOn": [
                "[concat(variables('factoryId'), '/linkedServices/AzureBlobStorageCSVs')]"
            ]
        },
        {
            "name": "[concat(parameters('factoryName'), '/TempClasesCsv')]",
            "type": "Microsoft.DataFactory/factories/datasets",
            "apiVersion": "2018-06-01",
            "properties": {
                "linkedServiceName": {
                    "referenceName": "AzureBlobStorageCSVs",
                    "type": "LinkedServiceReference"
                },
                "annotations": [],
                "type": "DelimitedText",
                "typeProperties": {
                    "location": {
                        "type": "AzureBlobStorageLocation",
                        "fileName": "TempClases.csv",
                        "container": "datos"
                    },
                    "columnDelimiter": ",",
                    "escapeChar": "\\",
                    "quoteChar": "\""
                },
                "schema": [
                    {
                        "type": "String"
                    },
                    {
                        "type": "String"
                    },
                    {
                        "type": "String"
                    },
                    {
                        "type": "String"
                    },
                    {
                        "type": "String"
                    },
                    {
                        "type": "String"
                    },
                    {
                        "type": "String"
                    },
                    {
                        "type": "String"
                    },
                    {
                        "type": "String"
                    },
                    {
                        "type": "String"
                    },
                    {
                        "type": "String"
                    },
                    {
                        "type": "String"
                    },
                    {
                        "type": "String"
                    },
                    {
                        "type": "String"
                    },
                    {
                        "type": "String"
                    }
                ]
            },
            "dependsOn": [
                "[concat(variables('factoryId'), '/linkedServices/AzureBlobStorageCSVs')]"
            ]
        },
        {
            "name": "[concat(parameters('factoryName'), '/AzureTableClases')]",
            "type": "Microsoft.DataFactory/factories/datasets",
            "apiVersion": "2018-06-01",
            "properties": {
                "description": "De aquí se tomará la lista de clases que se enviarán al archivo de referencia del SA",
                "linkedServiceName": {
                    "referenceName": "AzureTableStorageZoom",
                    "type": "LinkedServiceReference"
                },
                "annotations": [],
                "type": "AzureTable",
                "schema": [],
                "typeProperties": {
                    "tableName": "CLASES"
                }
            },
            "dependsOn": [
                "[concat(variables('factoryId'), '/linkedServices/AzureTableStorageZoom')]"
            ]
        },
        {
            "name": "[concat(parameters('factoryName'), '/ToDeleteFiles')]",
            "type": "Microsoft.DataFactory/factories/datasets",
            "apiVersion": "2018-06-01",
            "properties": {
                "linkedServiceName": {
                    "referenceName": "AzureBlobStorageCSVs",
                    "type": "LinkedServiceReference"
                },
                "annotations": [],
                "type": "DelimitedText",
                "typeProperties": {
                    "location": {
                        "type": "AzureBlobStorageLocation",
                        "container": "datos"
                    },
                    "columnDelimiter": ",",
                    "escapeChar": "\\",
                    "quoteChar": "\""
                },
                "schema": []
            },
            "dependsOn": [
                "[concat(variables('factoryId'), '/linkedServices/AzureBlobStorageCSVs')]"
            ]
        },
        {
            "name": "[concat(parameters('factoryName'), '/PipelineHistorico')]",
            "type": "Microsoft.DataFactory/factories/pipelines",
            "apiVersion": "2018-06-01",
            "properties": {
                "description": "Envía los datos de la tabla de monitoreo de clases de SQL a la tabla histórica en Azure Table Storage y al DWH",
                "activities": [
                    {
                        "name": "Copy SQL to DWH",
                        "type": "Copy",
                        "dependsOn": [],
                        "policy": {
                            "timeout": "7.00:00:00",
                            "retry": 0,
                            "retryIntervalInSeconds": 30,
                            "secureOutput": false,
                            "secureInput": false
                        },
                        "userProperties": [],
                        "typeProperties": {
                            "source": {
                                "type": "AzureSqlSource",
                                "sqlReaderStoredProcedureName": "[[dbo].[updateColumnasDWH]",
                                "queryTimeout": "02:00:00",
                                "partitionOption": "None"
                            },
                            "sink": {
                                "type": "AzureSqlSink"
                            },
                            "enableStaging": false,
                            "translator": {
                                "type": "TabularTranslator",
                                "mappings": [
                                    {
                                        "source": {
                                            "name": "HORAINICIOSESIONZOOM",
                                            "type": "DateTime",
                                            "physicalType": "datetime"
                                        },
                                        "sink": {
                                            "name": "HORAINICIOSESIONZOOM",
                                            "type": "DateTime",
                                            "physicalType": "datetime"
                                        }
                                    },
                                    {
                                        "source": {
                                            "name": "HORAFINCLASE",
                                            "type": "DateTime",
                                            "physicalType": "datetime"
                                        },
                                        "sink": {
                                            "name": "HORAFINCLASE",
                                            "type": "DateTime",
                                            "physicalType": "datetime"
                                        }
                                    },
                                    {
                                        "source": {
                                            "name": "START_TIME",
                                            "type": "DateTime",
                                            "physicalType": "datetime"
                                        },
                                        "sink": {
                                            "name": "START_TIME",
                                            "type": "DateTime",
                                            "physicalType": "datetime"
                                        }
                                    },
                                    {
                                        "source": {
                                            "name": "PARTICIPANTESACTIVOS",
                                            "type": "Int32",
                                            "physicalType": "int"
                                        },
                                        "sink": {
                                            "name": "PARTICIPANTESACTIVOS",
                                            "type": "Int32",
                                            "physicalType": "int"
                                        }
                                    },
                                    {
                                        "source": {
                                            "name": "CRN",
                                            "type": "Int32",
                                            "physicalType": "int"
                                        },
                                        "sink": {
                                            "name": "CRN",
                                            "type": "Int32",
                                            "physicalType": "int"
                                        }
                                    },
                                    {
                                        "source": {
                                            "name": "CLAVEEJERCICIOACADEMICO",
                                            "type": "Int32",
                                            "physicalType": "int"
                                        },
                                        "sink": {
                                            "name": "CLAVEEJERCICIOACADEMICO",
                                            "type": "Int32",
                                            "physicalType": "int"
                                        }
                                    },
                                    {
                                        "source": {
                                            "name": "CORREOELECTRONICOPROFESOR",
                                            "type": "String",
                                            "physicalType": "varchar"
                                        },
                                        "sink": {
                                            "name": "CORREOELECTRONICOPROFESOR",
                                            "type": "String",
                                            "physicalType": "varchar"
                                        }
                                    },
                                    {
                                        "source": {
                                            "name": "UUID",
                                            "type": "String",
                                            "physicalType": "varchar"
                                        },
                                        "sink": {
                                            "name": "UUID",
                                            "type": "String",
                                            "physicalType": "varchar"
                                        }
                                    },
                                    {
                                        "source": {
                                            "name": "JOINURL",
                                            "type": "String",
                                            "physicalType": "varchar"
                                        },
                                        "sink": {
                                            "name": "JOINURL",
                                            "type": "String",
                                            "physicalType": "varchar"
                                        }
                                    },
                                    {
                                        "source": {
                                            "name": "TIMESTAMP_1",
                                            "type": "DateTime",
                                            "physicalType": "datetime"
                                        },
                                        "sink": {
                                            "name": "TIMESTAMP1",
                                            "type": "DateTime",
                                            "physicalType": "datetime"
                                        }
                                    },
                                    {
                                        "source": {
                                            "name": "IND_CLASEINICIADA",
                                            "type": "String",
                                            "physicalType": "varchar"
                                        },
                                        "sink": {
                                            "name": "IND_CLASEINICIADA",
                                            "type": "String",
                                            "physicalType": "varchar"
                                        }
                                    }
                                ],
                                "typeConversion": true,
                                "typeConversionSettings": {
                                    "allowDataTruncation": true,
                                    "treatBooleanAsNumber": false
                                }
                            }
                        },
                        "inputs": [
                            {
                                "referenceName": "AzureSqlClases",
                                "type": "DatasetReference",
                                "parameters": {}
                            }
                        ],
                        "outputs": [
                            {
                                "referenceName": "AzureSqlDWH",
                                "type": "DatasetReference",
                                "parameters": {}
                            }
                        ]
                    },
                    {
                        "name": "Copy SQL To Table Storage",
                        "type": "Copy",
                        "dependsOn": [
                            {
                                "activity": "Copy SQL to DWH",
                                "dependencyConditions": [
                                    "Succeeded"
                                ]
                            }
                        ],
                        "policy": {
                            "timeout": "7.00:00:00",
                            "retry": 0,
                            "retryIntervalInSeconds": 30,
                            "secureOutput": false,
                            "secureInput": false
                        },
                        "userProperties": [],
                        "typeProperties": {
                            "source": {
                                "type": "AzureSqlSource",
                                "sqlReaderQuery": "SELECT * FROM dbo.LIVE_MEETINGS WHERE HORAINICIOSESIONZOOM <'12/31/2099 0:00:00'",
                                "queryTimeout": "02:00:00",
                                "partitionOption": "None"
                            },
                            "sink": {
                                "type": "AzureTableSink",
                                "azureTableInsertType": "merge",
                                "azureTablePartitionKeyName": "PartitionKey",
                                "writeBatchSize": 10000
                            },
                            "enableStaging": false,
                            "translator": {
                                "type": "TabularTranslator",
                                "mappings": [
                                    {
                                        "source": {
                                            "name": "CLAVEEJERCICIOACADEMICO",
                                            "type": "Int32",
                                            "physicalType": "int"
                                        },
                                        "sink": {
                                            "name": "CLAVEEJERCICIOACADEMICO",
                                            "type": "String"
                                        }
                                    },
                                    {
                                        "source": {
                                            "name": "CORREOELECTRONICOPROFESOR",
                                            "type": "String",
                                            "physicalType": "varchar"
                                        },
                                        "sink": {
                                            "name": "CORREOELECTRONICOPROFESOR",
                                            "type": "String"
                                        }
                                    },
                                    {
                                        "source": {
                                            "name": "CRN",
                                            "type": "Int32",
                                            "physicalType": "int"
                                        },
                                        "sink": {
                                            "name": "CRN",
                                            "type": "String"
                                        }
                                    },
                                    {
                                        "source": {
                                            "name": "HORAFINCLASE",
                                            "type": "DateTime",
                                            "physicalType": "datetime"
                                        },
                                        "sink": {
                                            "name": "HORAFINCLASE",
                                            "type": "String"
                                        }
                                    },
                                    {
                                        "source": {
                                            "name": "HORAINICIOSESIONZOOM",
                                            "type": "DateTime",
                                            "physicalType": "datetime"
                                        },
                                        "sink": {
                                            "name": "HORAINICIOSESIONZOOM",
                                            "type": "String"
                                        }
                                    },
                                    {
                                        "source": {
                                            "name": "IND_CLASEINICIADA",
                                            "type": "String",
                                            "physicalType": "varchar"
                                        },
                                        "sink": {
                                            "name": "IND_CLASEINICIADA",
                                            "type": "String"
                                        }
                                    },
                                    {
                                        "source": {
                                            "name": "PARTICIPANTESACTIVOS",
                                            "type": "Int32",
                                            "physicalType": "int"
                                        },
                                        "sink": {
                                            "name": "PARTICIPANTESACTIVOS",
                                            "type": "String"
                                        }
                                    },
                                    {
                                        "source": {
                                            "name": "TIMESTAMP_PARTITION",
                                            "physicalType": "varchar"
                                        },
                                        "sink": {
                                            "name": "PartitionKey"
                                        }
                                    }
                                ],
                                "typeConversion": true,
                                "typeConversionSettings": {
                                    "allowDataTruncation": true,
                                    "treatBooleanAsNumber": false
                                }
                            }
                        },
                        "inputs": [
                            {
                                "referenceName": "AzureSqlClases",
                                "type": "DatasetReference",
                                "parameters": {}
                            }
                        ],
                        "outputs": [
                            {
                                "referenceName": "AzureTableHistorico",
                                "type": "DatasetReference",
                                "parameters": {}
                            }
                        ]
                    }
                ],
                "annotations": [],
                "lastPublishTime": "2020-07-30T03:58:32Z"
            },
            "dependsOn": [
                "[concat(variables('factoryId'), '/datasets/AzureSqlClases')]",
                "[concat(variables('factoryId'), '/datasets/AzureSqlDWH')]",
                "[concat(variables('factoryId'), '/datasets/AzureTableHistorico')]"
            ]
        },
        {
            "name": "[concat(parameters('factoryName'), '/dataflow1')]",
            "type": "Microsoft.DataFactory/factories/dataflows",
            "apiVersion": "2018-06-01",
            "properties": {
                "type": "MappingDataFlow",
                "typeProperties": {
                    "sources": [
                        {
                            "dataset": {
                                "referenceName": "AzureSqlClases",
                                "type": "DatasetReference"
                            },
                            "name": "MonitorDeClases"
                        }
                    ],
                    "sinks": [
                        {
                            "dataset": {
                                "referenceName": "AzureSqlDWH",
                                "type": "DatasetReference"
                            },
                            "name": "SinkDB"
                        },
                        {
                            "dataset": {
                                "referenceName": "TempCSV",
                                "type": "DatasetReference"
                            },
                            "name": "SinkCsv"
                        }
                    ],
                    "transformations": [
                        {
                            "name": "DerivedColumnIndClaseIniciada"
                        },
                        {
                            "name": "DerivedColumnTimeStamp"
                        },
                        {
                            "name": "DerivedColumn1"
                        }
                    ],
                    "script": "source(output(\n\t\tHORAINICIOSESIONZOOM as timestamp,\n\t\tHORAFINCLASE as timestamp,\n\t\tSTART_TIME as timestamp,\n\t\tPARTICIPANTESACTIVOS as integer,\n\t\tCRN as integer,\n\t\tCLAVEEJERCICIOACADEMICO as integer,\n\t\tCORREOELECTRONICOPROFESOR as string,\n\t\tUUID as string,\n\t\tJOINURL as string\n\t),\n\tallowSchemaDrift: false,\n\tvalidateSchema: true,\n\tisolationLevel: 'READ_UNCOMMITTED',\n\tquery: 'SELECT * FROM dbo.LIVE_MEETINGS WHERE HORAINICIOSESIONZOOM <\\'12/31/2099 0:00:00\\'',\n\tformat: 'query') ~> MonitorDeClases\nMonitorDeClases derive(IND_CLASEINICIADA = iif(PARTICIPANTESACTIVOS>0,'Si', 'No')) ~> DerivedColumnIndClaseIniciada\nDerivedColumnIndClaseIniciada derive(TIMESTAMP_INSERT = currentUTC('America/Mexico_City')) ~> DerivedColumnTimeStamp\nDerivedColumnTimeStamp derive(TIMESTAMP_INSERT = concat(toString(year(currentDate('America/Mexico_City'))),'-',toString(month(currentDate('America/Mexico_City'))),'-',toString(dayOfMonth(currentDate('America/Mexico_City'))),'-',toString(hour(fromUTC(currentTimestamp(),'America/Mexico_City'))),'-',toString(minute(fromUTC(currentTimestamp(),'America/Mexico_City'))))) ~> DerivedColumn1\nDerivedColumnTimeStamp sink(input(\n\t\tHORAINICIOSESIONZOOM as timestamp,\n\t\tHORAFINCLASE as timestamp,\n\t\tSTART_TIME as timestamp,\n\t\tPARTICIPANTESACTIVOS as integer,\n\t\tCRN as integer,\n\t\tCLAVEEJERCICIOACADEMICO as integer,\n\t\tCORREOELECTRONICOPROFESOR as string,\n\t\tUUID as string,\n\t\tJOINURL as string,\n\t\tTIMESTAMP1 as timestamp,\n\t\tIND_CLASEINICIADA as string\n\t),\n\tallowSchemaDrift: true,\n\tvalidateSchema: false,\n\tdeletable:false,\n\tinsertable:true,\n\tupdateable:false,\n\tupsertable:false,\n\tformat: 'table',\n\tmapColumn(\n\t\tHORAINICIOSESIONZOOM,\n\t\tHORAFINCLASE,\n\t\tSTART_TIME,\n\t\tPARTICIPANTESACTIVOS,\n\t\tCRN,\n\t\tCLAVEEJERCICIOACADEMICO,\n\t\tCORREOELECTRONICOPROFESOR,\n\t\tUUID,\n\t\tJOINURL,\n\t\tIND_CLASEINICIADA,\n\t\tTIMESTAMP1 = TIMESTAMP_INSERT\n\t)) ~> SinkDB\nDerivedColumn1 sink(allowSchemaDrift: true,\n\tvalidateSchema: false,\n\tpartitionFileNames:['MonitoreoTemp.csv'],\n\tmapColumn(\n\t\tHORAINICIOSESIONZOOM,\n\t\tHORAFINCLASE,\n\t\tSTART_TIME,\n\t\tPARTICIPANTESACTIVOS,\n\t\tCRN,\n\t\tCLAVEEJERCICIOACADEMICO,\n\t\tCORREOELECTRONICOPROFESOR,\n\t\tUUID,\n\t\tJOINURL,\n\t\tIND_CLASEINICIADA,\n\t\tTIMESTAMP1 = TIMESTAMP_INSERT\n\t),\n\tpartitionBy('hash', 1),\n\tskipDuplicateMapInputs: true,\n\tskipDuplicateMapOutputs: true) ~> SinkCsv"
                }
            },
            "dependsOn": [
                "[concat(variables('factoryId'), '/datasets/AzureSqlClases')]",
                "[concat(variables('factoryId'), '/datasets/AzureSqlDWH')]",
                "[concat(variables('factoryId'), '/datasets/TempCSV')]"
            ]
        },
        {
            "name": "[concat(parameters('factoryName'), '/dataflowClasesToCsv')]",
            "type": "Microsoft.DataFactory/factories/dataflows",
            "apiVersion": "2018-06-01",
            "properties": {
                "type": "MappingDataFlow",
                "typeProperties": {
                    "sources": [
                        {
                            "dataset": {
                                "referenceName": "TempClasesCsv",
                                "type": "DatasetReference"
                            },
                            "name": "ClasesInput"
                        }
                    ],
                    "sinks": [
                        {
                            "dataset": {
                                "referenceName": "ClasesCsv",
                                "type": "DatasetReference"
                            },
                            "name": "sinkClasesCsv"
                        }
                    ],
                    "transformations": [
                        {
                            "name": "Aggregate1"
                        },
                        {
                            "name": "Select"
                        },
                        {
                            "name": "DerivedColumn1"
                        }
                    ],
                    "script": "source(output(\n\t\tColumn_1 as string,\n\t\tColumn_2 as string,\n\t\tColumn_3 as string,\n\t\tColumn_4 as string,\n\t\tColumn_5 as string,\n\t\tColumn_6 as string,\n\t\tColumn_7 as string,\n\t\tColumn_8 as string,\n\t\tColumn_9 as string,\n\t\tColumn_10 as string,\n\t\tColumn_11 as string,\n\t\tColumn_12 as string,\n\t\tColumn_13 as string,\n\t\tColumn_14 as string,\n\t\tColumn_15 as string\n\t),\n\tallowSchemaDrift: true,\n\tvalidateSchema: false) ~> ClasesInput\nClasesInput aggregate(groupBy(Column_1),\n\tColumna_2 = count(Column_2)) ~> Aggregate1\nAggregate1 select(mapColumn(\n\t\tcorreoelectronicoprofesor = Column_1,\n\t\tColumna_2\n\t),\n\tskipDuplicateMapInputs: true,\n\tskipDuplicateMapOutputs: true) ~> Select\nSelect derive(correoelectronicoprofesor = concat(split(correoelectronicoprofesor,'@')[1], '@')) ~> DerivedColumn1\nDerivedColumn1 sink(allowSchemaDrift: true,\n\tvalidateSchema: false,\n\tpartitionFileNames:[(concat('Clases-',toString(add(currentUTC(),minutes(5)),'yyyy-MM-dd-HH-mm'),'.csv'))],\n\tpartitionBy('hash', 1),\n\tskipDuplicateMapInputs: true,\n\tskipDuplicateMapOutputs: true) ~> sinkClasesCsv"
                }
            },
            "dependsOn": [
                "[concat(variables('factoryId'), '/datasets/TempClasesCsv')]",
                "[concat(variables('factoryId'), '/datasets/ClasesCsv')]"
            ]
        },
        {
            "name": "[concat(parameters('factoryName'), '/PipelineReferenciasSA')]",
            "type": "Microsoft.DataFactory/factories/pipelines",
            "apiVersion": "2018-06-01",
            "properties": {
                "activities": [
                    {
                        "name": "Users to CSV",
                        "type": "Copy",
                        "dependsOn": [
                            {
                                "activity": "DeleteAll",
                                "dependencyConditions": [
                                    "Succeeded"
                                ]
                            }
                        ],
                        "policy": {
                            "timeout": "7.00:00:00",
                            "retry": 0,
                            "retryIntervalInSeconds": 30,
                            "secureOutput": false,
                            "secureInput": false
                        },
                        "userProperties": [],
                        "typeProperties": {
                            "source": {
                                "type": "AzureTableSource",
                                "azureTableSourceQuery": "type eq 2",
                                "azureTableSourceIgnoreTableNotFound": false
                            },
                            "sink": {
                                "type": "DelimitedTextSink",
                                "storeSettings": {
                                    "type": "AzureBlobStorageWriteSettings"
                                },
                                "formatSettings": {
                                    "type": "DelimitedTextWriteSettings",
                                    "quoteAllText": true,
                                    "fileExtension": ".txt"
                                }
                            },
                            "enableStaging": false,
                            "translator": {
                                "type": "TabularTranslator",
                                "mappings": [
                                    {
                                        "source": {
                                            "name": "PartitionKey",
                                            "type": "String"
                                        },
                                        "sink": {
                                            "name": "PartitionKey",
                                            "type": "String"
                                        }
                                    },
                                    {
                                        "source": {
                                            "name": "RowKey",
                                            "type": "String"
                                        },
                                        "sink": {
                                            "name": "RowKey",
                                            "type": "String"
                                        }
                                    },
                                    {
                                        "source": {
                                            "name": "email",
                                            "type": "String"
                                        },
                                        "sink": {
                                            "name": "email",
                                            "type": "String"
                                        }
                                    },
                                    {
                                        "source": {
                                            "name": "id",
                                            "type": "String"
                                        },
                                        "sink": {
                                            "name": "id",
                                            "type": "String"
                                        }
                                    },
                                    {
                                        "source": {
                                            "name": "type",
                                            "type": "Int64"
                                        },
                                        "sink": {
                                            "name": "type",
                                            "type": "Int64"
                                        }
                                    },
                                    {
                                        "source": {
                                            "name": "personal_meeting_url",
                                            "type": "String"
                                        },
                                        "sink": {
                                            "name": "personal_meeting_url",
                                            "type": "String"
                                        }
                                    }
                                ],
                                "typeConversion": true,
                                "typeConversionSettings": {
                                    "allowDataTruncation": true,
                                    "treatBooleanAsNumber": false
                                }
                            }
                        },
                        "inputs": [
                            {
                                "referenceName": "AzureTableUsuarios",
                                "type": "DatasetReference",
                                "parameters": {}
                            }
                        ],
                        "outputs": [
                            {
                                "referenceName": "UsuariosCSV",
                                "type": "DatasetReference",
                                "parameters": {}
                            }
                        ]
                    },
                    {
                        "name": "Clases To Csv Temp",
                        "type": "Copy",
                        "dependsOn": [
                            {
                                "activity": "Users to CSV",
                                "dependencyConditions": [
                                    "Succeeded"
                                ]
                            }
                        ],
                        "policy": {
                            "timeout": "7.00:00:00",
                            "retry": 0,
                            "retryIntervalInSeconds": 30,
                            "secureOutput": false,
                            "secureInput": false
                        },
                        "userProperties": [],
                        "typeProperties": {
                            "source": {
                                "type": "AzureTableSource",
                                "azureTableSourceQuery": {
                                    "value": "@{pipeline().parameters.dayColumn} ne 'NaN'",
                                    "type": "Expression"
                                },
                                "azureTableSourceIgnoreTableNotFound": false
                            },
                            "sink": {
                                "type": "DelimitedTextSink",
                                "storeSettings": {
                                    "type": "AzureBlobStorageWriteSettings"
                                },
                                "formatSettings": {
                                    "type": "DelimitedTextWriteSettings",
                                    "quoteAllText": true,
                                    "fileExtension": ".txt"
                                }
                            },
                            "enableStaging": false,
                            "translator": {
                                "type": "TabularTranslator",
                                "mappings": [
                                    {
                                        "source": {
                                            "name": "correoelectronicoprofesor",
                                            "type": "String"
                                        },
                                        "sink": {
                                            "type": "String",
                                            "physicalType": "String",
                                            "ordinal": 1
                                        }
                                    },
                                    {
                                        "source": {
                                            "name": "crn",
                                            "type": "String"
                                        },
                                        "sink": {
                                            "type": "String",
                                            "physicalType": "String",
                                            "ordinal": 2
                                        }
                                    },
                                    {
                                        "source": {
                                            "name": "horafinclase",
                                            "type": "String"
                                        },
                                        "sink": {
                                            "type": "String",
                                            "physicalType": "String",
                                            "ordinal": 3
                                        }
                                    },
                                    {
                                        "source": {
                                            "name": "horainicioclase",
                                            "type": "String"
                                        },
                                        "sink": {
                                            "type": "String",
                                            "physicalType": "String",
                                            "ordinal": 4
                                        }
                                    },
                                    {
                                        "source": {
                                            "name": "horainiciosesionzoom",
                                            "type": "String"
                                        },
                                        "sink": {
                                            "type": "String",
                                            "physicalType": "String",
                                            "ordinal": 5
                                        }
                                    }
                                ],
                                "typeConversion": true,
                                "typeConversionSettings": {
                                    "allowDataTruncation": true,
                                    "treatBooleanAsNumber": false
                                }
                            }
                        },
                        "inputs": [
                            {
                                "referenceName": "AzureTableClases",
                                "type": "DatasetReference",
                                "parameters": {}
                            }
                        ],
                        "outputs": [
                            {
                                "referenceName": "TempClasesCsv",
                                "type": "DatasetReference",
                                "parameters": {}
                            }
                        ]
                    },
                    {
                        "name": "dataflowClasesToCsv",
                        "type": "ExecuteDataFlow",
                        "dependsOn": [
                            {
                                "activity": "Clases To Csv Temp",
                                "dependencyConditions": [
                                    "Succeeded"
                                ]
                            }
                        ],
                        "policy": {
                            "timeout": "7.00:00:00",
                            "retry": 0,
                            "retryIntervalInSeconds": 30,
                            "secureOutput": false,
                            "secureInput": false
                        },
                        "userProperties": [],
                        "typeProperties": {
                            "dataflow": {
                                "referenceName": "dataflowClasesToCsv",
                                "type": "DataFlowReference",
                                "parameters": {},
                                "datasetParameters": {
                                    "ClasesInput": {},
                                    "sinkClasesCsv": {}
                                }
                            },
                            "staging": {},
                            "compute": {
                                "coreCount": 8,
                                "computeType": "General"
                            }
                        }
                    },
                    {
                        "name": "DeleteAll",
                        "type": "Delete",
                        "dependsOn": [],
                        "policy": {
                            "timeout": "7.00:00:00",
                            "retry": 0,
                            "retryIntervalInSeconds": 30,
                            "secureOutput": false,
                            "secureInput": false
                        },
                        "userProperties": [],
                        "typeProperties": {
                            "dataset": {
                                "referenceName": "ToDeleteFiles",
                                "type": "DatasetReference",
                                "parameters": {}
                            },
                            "enableLogging": false,
                            "storeSettings": {
                                "type": "AzureBlobStorageReadSettings",
                                "recursive": true
                            }
                        }
                    }
                ],
                "parameters": {
                    "dayColumn": {
                        "type": "string",
                        "defaultValue": "indhorariolunes"
                    }
                },
                "annotations": [],
                "lastPublishTime": "2020-07-28T03:59:20Z"
            },
            "dependsOn": [
                "[concat(variables('factoryId'), '/datasets/AzureTableUsuarios')]",
                "[concat(variables('factoryId'), '/datasets/UsuariosCSV')]",
                "[concat(variables('factoryId'), '/datasets/AzureTableClases')]",
                "[concat(variables('factoryId'), '/datasets/TempClasesCsv')]",
                "[concat(variables('factoryId'), '/dataflows/dataflowClasesToCsv')]",
                "[concat(variables('factoryId'), '/datasets/ToDeleteFiles')]"
            ]
        }
    ]
}