{
    "$schema": "https://schema.management.azure.com/schemas/2015-01-01/deploymentParameters.json#",
    "contentVersion": "1.0.0.0",
    "parameters": {
        "factoryName": {
            "value": "dfaycdd"
        },
        "AzureTableStorageInput_connectionString": {
            "value": ""
        },
        "AzureBlobStorageCSVs_connectionString": {
            "value": ""
        },
        "AzureSqlDB_connectionString": {
            "value": ""
        },
        "AzureTableStorageZoom_connectionString": {
            "value": ""
        }
    }
}